-- =============================================================
-- Ecommify · Módulo Transaccional PostgreSQL
-- Archivo : 03_seed_data.sql
-- Descripción: Datos de ejemplo para desarrollo y demos
-- =============================================================

-- -------------------------------------------------------------
-- 1. GEOLOCATIONS
-- -------------------------------------------------------------
INSERT INTO geolocations (id, zip_code_prefix, lat, lng, city, state) VALUES
  ('a1000000-0000-0000-0000-000000000001', '01310', -23.561414, -46.655944, 'São Paulo',      'SP'),
  ('a1000000-0000-0000-0000-000000000002', '20040', -22.906847, -43.172897, 'Rio de Janeiro', 'RJ'),
  ('a1000000-0000-0000-0000-000000000003', '30130', -19.916681, -43.934493, 'Belo Horizonte', 'MG'),
  ('a1000000-0000-0000-0000-000000000004', '80010', -25.428954, -49.271820, 'Curitiba',       'PR'),
  ('a1000000-0000-0000-0000-000000000005', '40020', -12.971600, -38.501400, 'Salvador',       'BA');

-- -------------------------------------------------------------
-- 2. CUSTOMERS
-- -------------------------------------------------------------
INSERT INTO customers (id, geolocation_id, name) VALUES
  ('b1000000-0000-0000-0000-000000000001', 'a1000000-0000-0000-0000-000000000001', 'Ana Souza'),
  ('b1000000-0000-0000-0000-000000000002', 'a1000000-0000-0000-0000-000000000002', 'Carlos Mendes'),
  ('b1000000-0000-0000-0000-000000000003', 'a1000000-0000-0000-0000-000000000003', 'Fernanda Lima'),
  ('b1000000-0000-0000-0000-000000000004', 'a1000000-0000-0000-0000-000000000004', 'João Pereira'),
  ('b1000000-0000-0000-0000-000000000005', NULL,                                   'Maria Oliveira');

-- -------------------------------------------------------------
-- 3. SELLERS
-- -------------------------------------------------------------
INSERT INTO sellers (id, geolocation_id, name) VALUES
  ('c1000000-0000-0000-0000-000000000001', 'a1000000-0000-0000-0000-000000000001', 'TechStore SP'),
  ('c1000000-0000-0000-0000-000000000002', 'a1000000-0000-0000-0000-000000000002', 'ModaRio'),
  ('c1000000-0000-0000-0000-000000000003', 'a1000000-0000-0000-0000-000000000005', 'CasaBahia Electronics');

-- -------------------------------------------------------------
-- 4. CATEGORIES
-- -------------------------------------------------------------
INSERT INTO categories (id, name) VALUES
  ('d1000000-0000-0000-0000-000000000001', 'Electrônicos'),
  ('d1000000-0000-0000-0000-000000000002', 'Moda e Acessórios'),
  ('d1000000-0000-0000-0000-000000000003', 'Casa e Jardim'),
  ('d1000000-0000-0000-0000-000000000004', 'Esportes'),
  ('d1000000-0000-0000-0000-000000000005', 'Livros');

-- -------------------------------------------------------------
-- 5. PRODUCTS  (images → array de URLs S3)
-- -------------------------------------------------------------
INSERT INTO products (id, category_id, name, images) VALUES
  ('e1000000-0000-0000-0000-000000000001',
   'd1000000-0000-0000-0000-000000000001',
   'Smartphone Galaxy A55',
   ARRAY[
     'https://ecommify-assets.s3.amazonaws.com/products/e1000001/img1.jpg',
     'https://ecommify-assets.s3.amazonaws.com/products/e1000001/img2.jpg'
   ]),
  ('e1000000-0000-0000-0000-000000000002',
   'd1000000-0000-0000-0000-000000000001',
   'Notebook Dell Inspiron 15',
   ARRAY[
     'https://ecommify-assets.s3.amazonaws.com/products/e1000002/img1.jpg'
   ]),
  ('e1000000-0000-0000-0000-000000000003',
   'd1000000-0000-0000-0000-000000000002',
   'Camiseta Polo Masculina',
   ARRAY[
     'https://ecommify-assets.s3.amazonaws.com/products/e1000003/img1.jpg',
     'https://ecommify-assets.s3.amazonaws.com/products/e1000003/img2.jpg',
     'https://ecommify-assets.s3.amazonaws.com/products/e1000003/img3.jpg'
   ]),
  ('e1000000-0000-0000-0000-000000000004',
   'd1000000-0000-0000-0000-000000000003',
   'Cadeira Gamer MaxConfort',
   ARRAY['https://ecommify-assets.s3.amazonaws.com/products/e1000004/img1.jpg']),
  ('e1000000-0000-0000-0000-000000000005',
   'd1000000-0000-0000-0000-000000000005',
   'Clean Architecture - Robert C. Martin',
   NULL);

-- -------------------------------------------------------------
-- 6. PRODUCT_DETAILS  (attributes → JSONB flexible)
-- -------------------------------------------------------------
INSERT INTO product_details (product_id, attributes, description) VALUES
  ('e1000000-0000-0000-0000-000000000001',
   '{"ram_gb": 8, "storage_gb": 128, "color": "Preto", "5g": true}',
   'Smartphone intermediário com câmera de 50MP e bateria de 5000mAh.'),
  ('e1000000-0000-0000-0000-000000000002',
   '{"ram_gb": 16, "storage_gb": 512, "processor": "Intel Core i7", "screen_inch": 15.6}',
   'Notebook com SSD NVMe e tela Full HD para trabalho e estudo.'),
  ('e1000000-0000-0000-0000-000000000003',
   '{"sizes": ["P","M","G","GG"], "material": "100% algodão", "colors": ["branco","azul","preto"]}',
   'Camiseta polo de alta qualidade para uso casual e corporativo.'),
  ('e1000000-0000-0000-0000-000000000004',
   '{"max_weight_kg": 150, "recline_degrees": 160, "lumbar_support": true, "color": "Preto/Vermelho"}',
   'Cadeira ergonômica ideal para longas sessões de trabalho e jogos.'),
  ('e1000000-0000-0000-0000-000000000005',
   '{"pages": 432, "language": "Inglês", "edition": "1a", "isbn": "978-0134494166"}',
   'Guia essencial de arquitetura de software por Uncle Bob.');

-- -------------------------------------------------------------
-- 7. ORDERS
-- -------------------------------------------------------------
INSERT INTO orders (id, customer_id, order_status, purchase_timestamp,
                    approved_at, delivered_customer_date,
                    estimated_delivery_date, update_at) VALUES
  ('f1000000-0000-0000-0000-000000000001',
   'b1000000-0000-0000-0000-000000000001',
   'delivered',
   '2024-11-01 10:30:00+00', '2024-11-01 11:00:00+00',
   '2024-11-08 14:00:00+00', '2024-11-10 00:00:00+00',
   '2024-11-08 14:00:00+00'),
  ('f1000000-0000-0000-0000-000000000002',
   'b1000000-0000-0000-0000-000000000002',
   'shipped',
   '2024-11-15 09:00:00+00', '2024-11-15 09:30:00+00',
   NULL, '2024-11-22 00:00:00+00',
   '2024-11-16 08:00:00+00'),
  ('f1000000-0000-0000-0000-000000000003',
   'b1000000-0000-0000-0000-000000000003',
   'processing',
   '2024-11-20 17:00:00+00', NULL, NULL, NULL,
   '2024-11-20 17:00:00+00'),
  ('f1000000-0000-0000-0000-000000000004',
   'b1000000-0000-0000-0000-000000000001',
   'delivered',
   '2024-10-05 08:00:00+00', '2024-10-05 09:00:00+00',
   '2024-10-12 10:00:00+00', '2024-10-14 00:00:00+00',
   '2024-10-12 10:00:00+00');

-- -------------------------------------------------------------
-- 8. ORDER_ITEMS
-- -------------------------------------------------------------
INSERT INTO order_items (order_id, item_sequence, product_id, seller_id, price, freight_value) VALUES
  ('f1000000-0000-0000-0000-000000000001', 1,
   'e1000000-0000-0000-0000-000000000001',
   'c1000000-0000-0000-0000-000000000001', 1299.90, 25.00),
  ('f1000000-0000-0000-0000-000000000001', 2,
   'e1000000-0000-0000-0000-000000000005',
   'c1000000-0000-0000-0000-000000000001', 89.90, 10.00),
  ('f1000000-0000-0000-0000-000000000002', 1,
   'e1000000-0000-0000-0000-000000000003',
   'c1000000-0000-0000-0000-000000000002', 79.90, 15.00),
  ('f1000000-0000-0000-0000-000000000003', 1,
   'e1000000-0000-0000-0000-000000000002',
   'c1000000-0000-0000-0000-000000000001', 3499.00, 50.00),
  ('f1000000-0000-0000-0000-000000000004', 1,
   'e1000000-0000-0000-0000-000000000004',
   'c1000000-0000-0000-0000-000000000003', 899.00, 80.00);

-- -------------------------------------------------------------
-- 9. ORDER_PAYMENTS
-- -------------------------------------------------------------
INSERT INTO order_payments (id, order_id, payment_type, payment_installments, payment_value, update_at) VALUES
  ('f2000000-0000-0000-0000-000000000001',
   'f1000000-0000-0000-0000-000000000001', 'credit_card', 3, 1389.80, '2024-11-01 11:05:00+00'),
  ('f2000000-0000-0000-0000-000000000002',
   'f1000000-0000-0000-0000-000000000002', 'boleto',       1,   94.90, '2024-11-15 09:35:00+00'),
  ('f2000000-0000-0000-0000-000000000003',
   'f1000000-0000-0000-0000-000000000003', 'pix',          1, 3549.00, '2024-11-20 17:05:00+00'),
  ('f2000000-0000-0000-0000-000000000004',
   'f1000000-0000-0000-0000-000000000004', 'credit_card',  6,  979.00, '2024-10-05 09:05:00+00');

-- -------------------------------------------------------------
-- 10. REVIEWS
-- -------------------------------------------------------------
INSERT INTO reviews (id, order_id, score, comment_title, comment_message, creation_date) VALUES
  ('f3000000-0000-0000-0000-000000000001',
   'f1000000-0000-0000-0000-000000000001', 5,
   'Produto excelente!',
   'Chegou antes do prazo e o smartphone é incrível. Super recomendo!',
   '2024-11-09 10:00:00+00'),
  ('f3000000-0000-0000-0000-000000000002',
   'f1000000-0000-0000-0000-000000000004', 4,
   'Boa cadeira, entrega demorou',
   'A cadeira é muito confortável mas a entrega atrasou 2 dias.',
   '2024-10-14 15:00:00+00');